title,text,tags,name,picList,time
﻿龙骨,,游戏截图,18070****84,['https://kol-fans.fp.ps.netease.com/file/602e24bd143cfa6d305276d5LGqTyiQz03'],2021-02-18 08:26:38
漂亮的千鸟城,,光·遇,18070****84,['https://kol-fans.fp.ps.netease.com/file/602e23f67f9d2a1ad505fec7MhtWS3R003'],2021-02-18 08:23:19
雨林的鲲蛋哦，新发现！,,游戏截图,道人,['https://kol-fans.fp.ps.netease.com/file/602def9e143cfa2e457d0360TVXjYkbO03'],2021-02-18 04:39:59
修身养性亦为道生,,手作,道人,['https://kol-fans.fp.ps.netease.com/file/602ded3a7f9d2a027315d4a4MC6QckwH03'],2021-02-18 04:29:47
看天,,游戏截图,18718****91,['https://kol-fans.fp.ps.netease.com/file/602d62977f9d2a0de5ebbcb4ysUlRlex03'],2021-02-17 18:38:16
发现辽一栋小房子！,,游戏截图,17630****60,['https://kol-fans.fp.ps.netease.com/file/602d20b1143cfa90a14c5ae1oEU1VFuf03'],2021-02-17 13:57:06
听雨,,游戏截图,盒子,['https://kol-fans.fp.ps.netease.com/file/602c8721a7f2523e415586423gsl7XdN03'],2021-02-17 03:01:53
重生之路,,游戏截图,嘎嘎,"['https://kol-fans.fp.ps.netease.com/file/602c7d7e96dee4921693b72cYGjxlYNP03', 'https://kol-fans.fp.ps.netease.com/file/602c7d8096dee481287bd913EgUM98Fk03']",2021-02-17 02:20:53
爱,,游戏截图,18131****30,['https://kol-fans.fp.ps.netease.com/file/602c03cd143cfa50279cf113JdOZ5sJo03'],2021-02-16 17:41:33
书虫酷妹,,游戏截图,小饶,"['https://kol-fans.fp.ps.netease.com/file/602b452396dee462abe1ad1975QZZopW03', 'https://kol-fans.fp.ps.netease.com/file/602b45236f04945023bcc8f6KBCjv58703', 'https://kol-fans.fp.ps.netease.com/file/602b45232786fd1a979d6cf22w0RQo9S03']",2021-02-16 04:08:04
吸无翼菇,,平菇,小饶,['https://kol-fans.fp.ps.netease.com/file/602b44a36f04942c999a0c72agA2MKPN03'],2021-02-16 04:05:56
跷跷板还可以这样玩,,游戏截图,x****424946,['https://kol-fans.fp.ps.netease.com/file/602a57ac8b742744bdc4d5fblXSaRUO103'],2021-02-15 11:14:52
日落,,游戏截图,1****82018,"['https://kol-fans.fp.ps.netease.com/file/602a5768a7f252485e2c7ea25CLWZ2jc03', 'https://kol-fans.fp.ps.netease.com/file/602a5768143cfa640615d6754JM54pKw03', 'https://kol-fans.fp.ps.netease.com/file/602a576896dee497ec0a05c9gzhsVPfM03', 'https://kol-fans.fp.ps.netease.com/file/602a57692786fd6b06e6d4ca1xxuS5cz03']",2021-02-15 11:13:46
必填，可输入80字,,游戏截图,一只小撒币,['https://kol-fans.fp.ps.netease.com/file/602a042a6f04946376a90ec8ATBHPRAE03'],2021-02-15 05:18:35
观望中的旅行者,,游戏截图,13683****59,['https://kol-fans.fp.ps.netease.com/file/60294e908b7427181552c218AV4qryaq03'],2021-02-14 16:23:45
雨林,,同人绘,石XP,['https://kol-fans.fp.ps.netease.com/file/60294699a7f25244199ce4b34Z4cHgJ403'],2021-02-14 15:49:45
情人节,,同人绘,石XP,['https://kol-fans.fp.ps.netease.com/file/6029461c8b7427431efe2c9cDrPt9qqc03'],2021-02-14 15:47:40
情人节粉色草地要纪念一下,,同人绘,音音-作品可转载，禁止商用,['https://kol-fans.fp.ps.netease.com/file/60293227a7f2523cd7122e4782bQaXCg03'],2021-02-14 14:22:32
情人节,,游戏截图,光遇の仙女,"['https://kol-fans.fp.ps.netease.com/file/602913ea7f9d2a35891d058aEB9xiaih03', 'https://kol-fans.fp.ps.netease.com/file/602913eb2786fd067378f47cafOxp96I03', 'https://kol-fans.fp.ps.netease.com/file/602913ec5e602744a4df092c2rVh0Bm603', 'https://kol-fans.fp.ps.netease.com/file/602913ec143cfa8c3c76b1b1e9jD4WxN03']",2021-02-14 12:13:33
贺图,,同人绘,光之旅人,['https://kol-fans.fp.ps.netease.com/file/60266834a7f2521b0089ad987dkiOskJ03'],2021-02-12 11:36:20
是自己的光崽,,同人绘,悠悠悠悠悠,['https://kol-fans.fp.ps.netease.com/file/602638f95e60274db8a60a36W4l1MHaP03'],2021-02-12 08:14:50
好朋友被困在里面啦,,游戏截图,17635****10,['https://kol-fans.fp.ps.netease.com/file/60253c3096dee40be3c1e9afZLvzujD103'],2021-02-11 14:16:28
看人间灯火通明繁花似锦，今夕何夕，见繁花升空盛开，热闹胜似人间！几多烟花雨终留不住半寸光阴，今宵终会成昨昔，不负烟花一世寂寥一霎繁华。,,游戏截图,额,"['https://kol-fans.fp.ps.netease.com/file/60253c01143cfa4c6df1de12QVVeRl7303', 'https://kol-fans.fp.ps.netease.com/file/60253c088b742732a68ac114VI9qcp8B03', 'https://kol-fans.fp.ps.netease.com/file/60253c0e96dee4115a3d652bYBP2pmUQ03']",2021-02-11 14:15:42
偷看朋友玩耍,,游戏截图,17635****10,['https://kol-fans.fp.ps.netease.com/file/60253bf37f9d2a55a3429463WTeG2arK03'],2021-02-11 14:15:16
祝各位最最可爱的旅人新年快乐！！！,,新年祝福,空城不空,"['https://kol-fans.fp.ps.netease.com/file/60252e127f9d2a164b504799PT1LIpdm03', 'https://kol-fans.fp.ps.netease.com/file/60252e122786fd8605f21412B9lxDLFI03']",2021-02-11 13:16:02
标题不能为空,,游戏截图,狮,['https://kol-fans.fp.ps.netease.com/file/6024cff27f9d2a28ecb2c9dd0CeQcJx403'],2021-02-11 06:34:26
凛,,游戏截图,狮,['https://kol-fans.fp.ps.netease.com/file/6024cf40143cfa05b22448cflrRUyMcd03'],2021-02-11 06:31:29
凛和狮,,游戏截图,狮,"['https://kol-fans.fp.ps.netease.com/file/6024ce895e602783db89a910ea9jpwm303', 'https://kol-fans.fp.ps.netease.com/file/6024ce8a2786fd16690db42cYrFFBFRB03', 'https://kol-fans.fp.ps.netease.com/file/6024ce8a5e6027534432938dkrE48A1C03', 'https://kol-fans.fp.ps.netease.com/file/6024ce8a96dee47828b4dd12zF1dGIcG03']",2021-02-11 06:28:27
我与元老们的打卡日常1,,游戏截图,熊孩子说得可不是我,['https://kol-fans.fp.ps.netease.com/file/6024cbd98b742722ecae3d9eZ7i1eP2g03'],2021-02-11 06:16:57
除夕啦！,,游戏截图,嘉嘉嘉嘉,['https://kol-fans.fp.ps.netease.com/file/602481eaa7f252338806bbba8VPPjbva03'],2021-02-11 01:01:30
🎑,,游戏截图,Jester,['https://kol-fans.fp.ps.netease.com/file/602426db6f049433cfc330f3B22wJk1803'],2021-02-10 18:33:00
💧,,游戏截图,Jester,['https://kol-fans.fp.ps.netease.com/file/602426528b74270761a8f28bXBox5NFl03'],2021-02-10 18:30:43
那时候多好啊，我什么都不懂，但那些星星都还亮着,,游戏截图,13798****41,['https://kol-fans.fp.ps.netease.com/file/6023fa1a2786fd4f57989869LKACcLwb03'],2021-02-10 15:22:02
针不戳（新年快乐哦,,游戏截图,13798****41,['https://kol-fans.fp.ps.netease.com/file/6023f9627f9d2a58164423e4y0e8qW2D03'],2021-02-10 15:18:58
星光下的相遇,,游戏截图,18201****64,['https://kol-fans.fp.ps.netease.com/file/6023ed2d96dee4031fa68367OJVWmXba03'],2021-02-10 14:26:53
你们看见龙龙了吗？,,游戏截图,短笛,"['https://kol-fans.fp.ps.netease.com/file/6023e4ee5e602757963aef63Vej6yJud03', 'https://kol-fans.fp.ps.netease.com/file/6023e4ef96dee45775c031a5GOiYHmq303']",2021-02-10 13:51:43
光之子的出发,,萌新,咕咕,['https://kol-fans.fp.ps.netease.com/file/6023dfcd7f9d2a539aa5c4e3zGXqYIuq03'],2021-02-10 13:29:50
这个小蘑菇真的好可爱(⌯꒪꒫꒪)੭ु⁾⁾,,游戏截图,花棠,['https://kol-fans.fp.ps.netease.com/file/602368ea96dee4957cd6d8c034rKdbu403'],2021-02-10 05:02:35
意外的从圆梦村掉下来了(  ･᷄ὢ･᷅),,游戏截图,花棠,['https://kol-fans.fp.ps.netease.com/file/60236869143cfa0e349378a2o1r3iXBx03'],2021-02-10 05:00:25
帅,,游戏截图,额,['https://kol-fans.fp.ps.netease.com/file/6023622d143cfa61b1c715e7PKD56RLu03'],2021-02-10 04:33:50
大佬看我,,游戏截图,额,['https://kol-fans.fp.ps.netease.com/file/602361445e602735488073f6A1iiSCMB03'],2021-02-10 04:29:56
霞谷储物室一日游,,艺术照,千雪长生,['https://kol-fans.fp.ps.netease.com/file/6022956f5e60275d189870778qvSUSKf03'],2021-02-09 14:00:16
光,,游戏截图,13711****85,['https://kol-fans.fp.ps.netease.com/file/60228fcc6f049450215ea054KSV2rsKx03'],2021-02-09 13:36:12
温暖的灵魂终将相遇,,游戏截图,13160****13,['https://kol-fans.fp.ps.netease.com/file/60226aae7f9d2a138bc33b4aYiSBFgj503'],2021-02-09 10:57:51
因光而遇,,游戏截图,13071****52,"['https://kol-fans.fp.ps.netease.com/file/6022685b7f9d2a6a2bd30f21ub1uggB703', 'https://kol-fans.fp.ps.netease.com/file/6022685c7f9d2a6a2bd30f29syqO3tBp03', 'https://kol-fans.fp.ps.netease.com/file/6022685c143cfa08b3f0499etuuDFLBM03']",2021-02-09 10:47:57
狮和凛,,游戏截图,凛,"['https://kol-fans.fp.ps.netease.com/file/60222be1143cfa4669774ae36Zgy0zNR03', 'https://kol-fans.fp.ps.netease.com/file/60222be1143cfa33469fef32wetPi6fW03', 'https://kol-fans.fp.ps.netease.com/file/60222be1143cfa4742e393b62j6pY7es03', 'https://kol-fans.fp.ps.netease.com/file/60222be25e60275bc0ddf6f7h0cz2IoW03']",2021-02-09 06:29:56
帅哥日常,,帅哥,18482****21,"['https://kol-fans.fp.ps.netease.com/file/6021e30c96dee4712f0fd3ef2iXH5mKi03', 'https://kol-fans.fp.ps.netease.com/file/6021e30d96dee470c9e0d9deSez2FXi703', 'https://kol-fans.fp.ps.netease.com/file/6021e30da7f25241799047b5eyGQND2J03', 'https://kol-fans.fp.ps.netease.com/file/6021e30da7f25241799047b7b1e2BAPN03']",2021-02-09 01:19:09
凛,,游戏截图,狮,"['https://kol-fans.fp.ps.netease.com/file/602164ac96dee42f2b34db50oq0OVhWJ03', 'https://kol-fans.fp.ps.netease.com/file/602164ac143cfa93e9c69c3diBT7QTVX03']",2021-02-08 16:19:56
给沐子的画,,阿囧也是我,嘎嘎,"['https://kol-fans.fp.ps.netease.com/file/6021518a8b742732655ae247kvmi4Y5G03', 'https://kol-fans.fp.ps.netease.com/file/6021518a7f9d2a6514def233CIKI7rfs03']",2021-02-08 14:58:19
沐子给嘎画的画【开心四了】,,超感动,嘎嘎,"['https://kol-fans.fp.ps.netease.com/file/6021512f96dee420d747d548G8RABd6G03', 'https://kol-fans.fp.ps.netease.com/file/6021512f8b74272a3853b83cNzJ8iN0N03']",2021-02-08 14:56:47
好嘛，我又发现新景点了,,游戏截图,短笛,"['https://kol-fans.fp.ps.netease.com/file/60213d847f9d2a5e66a4cf1dtRM9cm2503', 'https://kol-fans.fp.ps.netease.com/file/60213d85a7f25269bd4d439cPzvamDiD03']",2021-02-08 13:32:53
希望这段友情会一直持续下去,,游戏截图,九七,"['https://kol-fans.fp.ps.netease.com/file/60211e407f9d2a0e5773d43bEZeKphkZ03', 'https://kol-fans.fp.ps.netease.com/file/60211e405e602719574bece8pmQrPN4Z03', 'https://kol-fans.fp.ps.netease.com/file/60211e402786fd9a66a2fcc8E3ifarJy03', 'https://kol-fans.fp.ps.netease.com/file/60211e4096dee489cb61b5703A01u6yL03']",2021-02-08 11:19:29
从刚认识到现在，谢谢你一直陪着我,,游戏截图,有个宝贝叫桃桃,"['https://kol-fans.fp.ps.netease.com/file/6020e55f2786fd743e2e6deb4P6aKaBw03', 'https://kol-fans.fp.ps.netease.com/file/6020e55f143cfa52344b3e96H3DRy1j603']",2021-02-08 07:16:47
蟹蟹你的相遇……,,游戏截图,19120****76,"['https://kol-fans.fp.ps.netease.com/file/6020c1c9143cfa98974c7e84qiCpNgBj03', 'https://kol-fans.fp.ps.netease.com/file/6020c1c996dee426b4ba07944V5aDoVV03', 'https://kol-fans.fp.ps.netease.com/file/6020c1c98b7427750679b1e9PJR8kVrm03', 'https://kol-fans.fp.ps.netease.com/file/6020c1c97f9d2a19af14c0d9ficBkZlc03']",2021-02-08 04:44:58
帅哥日常,,游戏截图,洛夢vo v,"['https://kol-fans.fp.ps.netease.com/file/6020b6b48b742739f074a425BMB6sHSI03', 'https://kol-fans.fp.ps.netease.com/file/6020b6b52786fd94ee5d7954rLi38U6l03', 'https://kol-fans.fp.ps.netease.com/file/6020b6b5a7f2521c6fbe3f4dRa7EJeWH03']",2021-02-08 03:57:42
oh no oh no oh no no no no no,,游戏截图,H11,['https://kol-fans.fp.ps.netease.com/file/6020b40a5e6027429480f2ccsLI4Jkih03'],2021-02-08 03:46:18
和你一起耍帅🌚的感觉很奈斯～,,游戏截图,15030****98,"['https://kol-fans.fp.ps.netease.com/file/6020aeb2143cfa6afb008e50YO8aJDCk03', 'https://kol-fans.fp.ps.netease.com/file/6020aeb32786fd0e5047caf62LrhceBb03', 'https://kol-fans.fp.ps.netease.com/file/6020aeb32786fd99d5e5077emOiUlej403', 'https://kol-fans.fp.ps.netease.com/file/6020aeb3143cfa83d4e43de5gfMIwP8x03']",2021-02-08 03:23:31
你要好好养病 不要熬夜通宵 要听医生的话 好好吃药 还有还有不要忘了回来看我啊,,游戏截图,15588****14166888,"['https://kol-fans.fp.ps.netease.com/file/601fc4f5a7f2521066d74722FCeZGPOU03', 'https://kol-fans.fp.ps.netease.com/file/601fc4f55e602729b30a6b35L5tV2tAg03', 'https://kol-fans.fp.ps.netease.com/file/601fc4f5143cfa36dfe17e9ePdGVCC5i03']",2021-02-07 10:46:14
只能水一水指绘,,同人绘,18376****75,['https://kol-fans.fp.ps.netease.com/file/601fc3ee5e602729b30a6817uz4WdkN503'],2021-02-07 10:41:51
•ᴗ•,,游戏截图,w****7530634,"['https://kol-fans.fp.ps.netease.com/file/601fb48a96dee46313b27d622EchX2GN03', 'https://kol-fans.fp.ps.netease.com/file/601fb48a5e60275b281e8d22SPUmAiyf03', 'https://kol-fans.fp.ps.netease.com/file/601fb48a96dee46313b27d66I7gZZApt03', 'https://kol-fans.fp.ps.netease.com/file/601fb48b5e60277680415bddrDeOgo0w03']",2021-02-07 09:36:12
﻿向光而行，奔赴光明,,游戏截图,林卜卜,"['https://kol-fans.fp.ps.netease.com/file/601fac196f04946928f44bc74OrOufZz03', 'https://kol-fans.fp.ps.netease.com/file/601fac192786fd16ac5d40776bCwk1Ql03', 'https://kol-fans.fp.ps.netease.com/file/601fac1996dee47db8daa0b1RYghLdSb03', 'https://kol-fans.fp.ps.netease.com/file/601fac198b7427603f758867Ka6fGBrh03']",2021-02-07 09:00:09
哥哥好可爱,,游戏截图,小洛,"['https://kol-fans.fp.ps.netease.com/file/601f98e5143cfa327d597272Tr7v4dMd03', 'https://kol-fans.fp.ps.netease.com/file/601f98e52786fd91609ad653JKR471LA03', 'https://kol-fans.fp.ps.netease.com/file/601f98e65e6027847dfb308bclOBEr2203']",2021-02-07 07:38:14
反向圆梦村～:D,,游戏截图,:D,"['https://kol-fans.fp.ps.netease.com/file/601f42116f0494014767d34bb9TWSvwc03', 'https://kol-fans.fp.ps.netease.com/file/601f42125e602734513258ba2s1r9mCi03', 'https://kol-fans.fp.ps.netease.com/file/601f42128b742764d0de6aa7XuhFiN8403']",2021-02-07 01:27:47
功夫练成了，准备召唤皮皮虾攻城了,,游戏截图,小洛,"['https://kol-fans.fp.ps.netease.com/file/601edbf48b742704e2342bb6YtCFHu3403', 'https://kol-fans.fp.ps.netease.com/file/601edbf47f9d2a48254aed9cckWNJ3oy03', 'https://kol-fans.fp.ps.netease.com/file/601edbf4143cfa03007b6b98SdlsZtCx03']",2021-02-06 18:12:05
冒烟的星盘,,游戏截图,额,['https://kol-fans.fp.ps.netease.com/file/601ea44d2786fd8a8ef33cedDFcvEt9i03'],2021-02-06 14:14:38
从开始遇见，就没打算再分开,,游戏截图,山山而川,"['https://kol-fans.fp.ps.netease.com/file/601e884696dee41e010554edCpKeO7t903', 'https://kol-fans.fp.ps.netease.com/file/601e884796dee429471fe0dddcVoNaDa03']",2021-02-06 12:15:03
圣岛,,游戏截图,丸丸,"['https://kol-fans.fp.ps.netease.com/file/601e50d05e602771c564b488gxlq0Xy203', 'https://kol-fans.fp.ps.netease.com/file/601e50d02786fd5fb1dad67eog3HrdB203', 'https://kol-fans.fp.ps.netease.com/file/601e50d096dee467a5885c28l7cBHjtf03', 'https://kol-fans.fp.ps.netease.com/file/601e50d296dee457f19ec2b8zraubA1H03']",2021-02-06 08:18:30
可爱舞,,视频,咳咳,['https://kol-fans.fp.ps.netease.com/file/601e389a7f9d2a21a0d8c9426bPyGYTX03'],2021-02-06 06:35:07
别让爸爸带娃,,游戏截图,某钻金,"['https://kol-fans.fp.ps.netease.com/file/601e158c143cfa3b08c834c6lgxQvj7S03', 'https://kol-fans.fp.ps.netease.com/file/601e158c7f9d2a028213a1cbiWDviIBH03']",2021-02-06 04:05:33
光遇孤狼罢了,,游戏截图,18395****09,['https://kol-fans.fp.ps.netease.com/file/601e0519143cfa5d65830e15ICRkVPGD03'],2021-02-06 02:55:22
暗中观察,,游戏截图,额,['https://kol-fans.fp.ps.netease.com/file/601df01d5e60274fcc7048a0ykUR6kiG03'],2021-02-06 01:25:50
贵妇与他的农夫,,游戏截图,18772****53,['https://kol-fans.fp.ps.netease.com/file/601de7738b74277c4ab16fc2uHJe79eE03'],2021-02-06 00:48:52
喜欢这里，也喜欢陪我来这里的人。,,游戏截图,15023****27,"['https://kol-fans.fp.ps.netease.com/file/601dcd412786fd20560c99104hURRziC03', 'https://kol-fans.fp.ps.netease.com/file/601dcd417f9d2a1626b239cfPOZQmxzK03', 'https://kol-fans.fp.ps.netease.com/file/601dcd42143cfa83b162be9fbh9cahME03', 'https://kol-fans.fp.ps.netease.com/file/601dcd422786fd2c0c0aa1b9iwlv1Kuy03']",2021-02-05 22:57:08
月光下的温柔,,游戏截图,小洛,"['https://kol-fans.fp.ps.netease.com/file/601d1f4a143cfa70436b5085gQxWO2WE03', 'https://kol-fans.fp.ps.netease.com/file/601d1f4a8b74275b5685e9fdxTLQ4m8W03', 'https://kol-fans.fp.ps.netease.com/file/601d1f4aa7f2520b642d0778LdrE5VL403']",2021-02-05 10:34:51
无名之门,,游戏截图,x****aoxi0717,"['https://kol-fans.fp.ps.netease.com/file/601d1d0ca7f252453aba0648OUIprDrX03', 'https://kol-fans.fp.ps.netease.com/file/601d1d0fa7f252612accb4f2zSrMLyMF03']",2021-02-05 10:25:19
希望这段友谊可以维持下去～,,游戏截图,15321****18,"['https://kol-fans.fp.ps.netease.com/file/601cf1876f049466025b20729fP0NEfa03', 'https://kol-fans.fp.ps.netease.com/file/601cf1887f9d2a7d773be410g3AB6fwH03']",2021-02-05 07:19:36
帅哥撑伞,,游戏截图,13041****12,['https://kol-fans.fp.ps.netease.com/file/601ceab096dee4564bdf0fa08QKfIDEg03'],2021-02-05 06:50:25
爱了爱了虽然不知道谁放的彩虹但真的好好看,,游戏截图,祈彧肆染,['https://kol-fans.fp.ps.netease.com/file/601ce6a85e60273f03eef427oFMDzvzV03'],2021-02-05 06:33:13
？？？孤狼落泪,,游戏截图,小梅,['https://kol-fans.fp.ps.netease.com/file/601ce14e8b742755b54ab393qTqwBi3H03'],2021-02-05 06:10:22
打卡早上9点的雨林彩虹,,游戏截图,才不是奶糖,"['https://kol-fans.fp.ps.netease.com/file/601ccae3143cfa888c3e189cUUNi10RX03', 'https://kol-fans.fp.ps.netease.com/file/601ccae32786fd03f49bef51pEeT499Q03', 'https://kol-fans.fp.ps.netease.com/file/601ccae32786fd11c1885a7bP2seFa8Q03']",2021-02-05 04:34:44
🌟,,游戏截图,桔里里,['https://kol-fans.fp.ps.netease.com/file/601cb312143cfa85f30ecd9538Yo50dO03'],2021-02-05 02:53:07
灿烂的星河,,游戏截图,故辰,['https://kol-fans.fp.ps.netease.com/file/601bf3fb5e602777e561cb8aLYp37cFy03'],2021-02-04 13:17:48
因为有你，期待永远,,游戏截图,尔尔,"['https://kol-fans.fp.ps.netease.com/file/601bc71096dee423f0ad1d53d5OA3pYa03', 'https://kol-fans.fp.ps.netease.com/file/601bc7117f9d2a604cac220aXrOEl3Z203', 'https://kol-fans.fp.ps.netease.com/file/601bc711a7f2522c0a9eeaccUa9aJodR03', 'https://kol-fans.fp.ps.netease.com/file/601bc7115e60279edc0410fbXLCmcPfw03']",2021-02-04 10:06:11
超大只和他jio底的我QAQ,,游戏截图,江江,['https://kol-fans.fp.ps.netease.com/file/601b114c8b7427454d662928GFj80eGc03'],2021-02-03 21:10:36
妈妈有人亲亲😳,,游戏截图,江江,['https://kol-fans.fp.ps.netease.com/file/601b10fda7f25257f447ae23FNvFdzhm03'],2021-02-03 21:09:17
到最后也要蹭蹭毕业物品:D,,游戏截图,18767****72,['https://kol-fans.fp.ps.netease.com/file/601abf832786fd6d0db8561aaHO8CFHk03'],2021-02-03 15:21:40
以前和现在,,游戏截图,短笛,"['https://kol-fans.fp.ps.netease.com/file/601ab8445e60277438db3f12CY81Ujr803', 'https://kol-fans.fp.ps.netease.com/file/601ab845a7f252406d9a2707KUfzkfq003', 'https://kol-fans.fp.ps.netease.com/file/601ab8455e602766dbc5ca30LbiMJ61i03', 'https://kol-fans.fp.ps.netease.com/file/601ab8452786fd06e8f8ba8f4xNss0gH03']",2021-02-03 14:50:46
还可以吧,,同人绘,短笛,['https://kol-fans.fp.ps.netease.com/file/601ab7c25e60277438db3cc8TiugImLB03'],2021-02-03 14:48:35
第一次献祭的亚子,,以前的截图,嘎嘎,"['https://kol-fans.fp.ps.netease.com/file/601aac2d143cfa1d9fda06c7ax4zGwLc03', 'https://kol-fans.fp.ps.netease.com/file/601aac2ea7f252791f5811f3o4uSvhtq03', 'https://kol-fans.fp.ps.netease.com/file/601aac31143cfa953f9c8cb2wHUFulfc03', 'https://kol-fans.fp.ps.netease.com/file/601aac327f9d2a03457ecec89rkAJIBq03']",2021-02-03 13:59:14
今日孤独,,游戏截图,嘎嘎,"['https://kol-fans.fp.ps.netease.com/file/601aaac78b742755e35c87d8agsyzr4x03', 'https://kol-fans.fp.ps.netease.com/file/601aaac8143cfa953f9c853e3li6PwYc03', 'https://kol-fans.fp.ps.netease.com/file/601aaaca96dee4603f2a1fd0IdgtqiF003', 'https://kol-fans.fp.ps.netease.com/file/601aaacb5e60272991fb22c3BGuhxHPV03']",2021-02-03 13:53:16
和监护人沙雕的一天哈哈哈哈哈哈,,游戏截图,18663****58389312,"['https://kol-fans.fp.ps.netease.com/file/601aa8a8a7f252539a8b1695dhzEWcwO03', 'https://kol-fans.fp.ps.netease.com/file/601aa8a85e602711a9805eacNZzsDctP03', 'https://kol-fans.fp.ps.netease.com/file/601aa8a82786fd53d95554feZ31VwKIg03', 'https://kol-fans.fp.ps.netease.com/file/601aa8a9143cfa0c6f4c205fLmuG2Ak703']",2021-02-03 13:44:09
练功的最佳地方,,游戏截图,小洛,"['https://kol-fans.fp.ps.netease.com/file/601a78a88b742705e7c9b1f9RjF4gEjg03', 'https://kol-fans.fp.ps.netease.com/file/601a78a8143cfa48e3ef62b96lHl6FKd03', 'https://kol-fans.fp.ps.netease.com/file/601a78a996dee487492511baffl7bKr803', 'https://kol-fans.fp.ps.netease.com/file/601a78aa5e6027297858e663Vlk5JeL003']",2021-02-03 10:19:22
又变成一个人了啊,,游戏截图,15056****09,"['https://kol-fans.fp.ps.netease.com/file/601a6f35a7f2524081bd92a8AFLKuWuN03', 'https://kol-fans.fp.ps.netease.com/file/601a6f37a7f252782bcd29714h44frsG03']",2021-02-03 09:39:03
带最喜欢的人一起看日落,,游戏截图,才不是奶糖,"['https://kol-fans.fp.ps.netease.com/file/601a3ff32786fd48619e94e5XwQLkxI003', 'https://kol-fans.fp.ps.netease.com/file/601a3ff46f0494618d0c7ffc4fZZQKkj03', 'https://kol-fans.fp.ps.netease.com/file/601a3ff45e60272488df9eefgoYyUXUu03']",2021-02-03 06:17:25
因光而遇,,游戏截图,15135****14,"['https://kol-fans.fp.ps.netease.com/file/601a3b575e60272488df8a5cUC4oHNhi03', 'https://kol-fans.fp.ps.netease.com/file/601a3b587f9d2a7f2b33368dN6x040Xu03', 'https://kol-fans.fp.ps.netease.com/file/601a3b588b7427154c04b639rrl9mPg903', 'https://kol-fans.fp.ps.netease.com/file/601a3b587f9d2a7db88f29631dPot7gZ03']",2021-02-03 05:57:45
和沐子的快乐对望(？,,和沐子的快乐日常,嘎嘎,"['https://kol-fans.fp.ps.netease.com/file/601a06ba96dee46983b24d00GT7V3H4O03', 'https://kol-fans.fp.ps.netease.com/file/601a06bda7f25245a828ead2lyVuUxov03']",2021-02-03 02:13:18
没有必要的回忆，最后只剩一个人了呢,,游戏截图,小洛,"['https://kol-fans.fp.ps.netease.com/file/601957d7143cfa6e9a3a81666IzKqPdK03', 'https://kol-fans.fp.ps.netease.com/file/601957d72786fd0ae96d2156uUi5qb7A03', 'https://kol-fans.fp.ps.netease.com/file/601957d76f0494159677ec216eaQs7A203', 'https://kol-fans.fp.ps.netease.com/file/601957d75e60270e3a7d3b0cI6o0SfZ103']",2021-02-02 13:47:04
万丈深渊，你们爱了吗,,游戏截图,小洛,"['https://kol-fans.fp.ps.netease.com/file/6019555e96dee46523d5bc1cqgGICr8b03', 'https://kol-fans.fp.ps.netease.com/file/6019555e96dee4592e0aeddbecrVOrWi03', 'https://kol-fans.fp.ps.netease.com/file/6019555f2786fd9a4cf665adN5iIRHKZ03', 'https://kol-fans.fp.ps.netease.com/file/6019555fa7f2522887f81574AU6ZuJem03']",2021-02-02 13:36:31
在云野和墓土衣柜旁的养老生活,,游戏截图,17748****79,['https://kol-fans.fp.ps.netease.com/file/601810018b74271bf2b9e47alemO65Nu03'],2021-02-01 14:28:18
闲来无事画的嘎,,是个菜鸟欢迎指点,嘎嘎,['https://kol-fans.fp.ps.netease.com/file/601806be143cfa5a6e75e1235i2tLCl703'],2021-02-01 13:48:47
孤狼日常（实在无聊搞了个永无）,,日常,x****010222,"['https://kol-fans.fp.ps.netease.com/file/6017cffa6f04946bc2ee0fc8AmtRBiPo03', 'https://kol-fans.fp.ps.netease.com/file/6017cffa96dee4639a8afc7b1E3Z5hJs03', 'https://kol-fans.fp.ps.netease.com/file/6017cffaa7f252097676fad7v3dauk9S03', 'https://kol-fans.fp.ps.netease.com/file/6017cffa6f04942948ee867aACJ0B2cc03']",2021-02-01 09:55:07
-,,同人绘,光之旅人,['https://kol-fans.fp.ps.netease.com/file/6017c826a7f252408e533cdfj4Tg6CoQ03'],2021-02-01 09:21:42
和小红（弃清）打卡？,,游戏截图,郗子,"['https://kol-fans.fp.ps.netease.com/file/60178b41a7f252675b16731aHxKavzb603', 'https://kol-fans.fp.ps.netease.com/file/60178b425e602740bd7c82154hU4JuYI03', 'https://kol-fans.fp.ps.netease.com/file/60178b43a7f2525c8adf85f6WZBvGHsj03', 'https://kol-fans.fp.ps.netease.com/file/60178b4396dee47043315a531DJvLlrC03']",2021-02-01 05:01:57
三个蘑菇崽崽缺个卡卡🌚✨👍🏿,,游戏截图,13534****05,['https://kol-fans.fp.ps.netease.com/file/601759458b74271793de6981Li1sOCu003'],2021-02-01 01:28:38
孤狼靠贴图做的结婚照（?）,,游戏截图,18134****82,"['https://kol-fans.fp.ps.netease.com/file/601756275e602738964eb8a6bWia6Nsb03', 'https://kol-fans.fp.ps.netease.com/file/601756275e6027744f1346a3tNjXyRKA03', 'https://kol-fans.fp.ps.netease.com/file/60175627143cfa42d42affc9NzbQidFi03']",2021-02-01 01:15:20
回忆,,游戏截图,奇奇,"['https://kol-fans.fp.ps.netease.com/file/6016f566143cfa54ee7ff0a6Rbe9WP2u03', 'https://kol-fans.fp.ps.netease.com/file/6016f566143cfa4d171aa79bUOWIkdR003', 'https://kol-fans.fp.ps.netease.com/file/6016f5668b74273eba4bf78fZZD9C9vs03', 'https://kol-fans.fp.ps.netease.com/file/6016f5677f9d2a4ecf9e06e89lI8KphN03']",2021-01-31 18:22:32
画好了！画着画着脱离了原本要画的黄色调…………,,同人绘,音音-作品可转载，禁止商用,['https://kol-fans.fp.ps.netease.com/file/6016d7e8a7f2526740928575Q6hO7Ei503'],2021-01-31 16:16:41
你也不在了。,,游戏截图,墨之.,"['https://kol-fans.fp.ps.netease.com/file/60167627143cfa161a962b2aabUeFuRT03', 'https://kol-fans.fp.ps.netease.com/file/601676282786fd71e86f88455spKRw9s03', 'https://kol-fans.fp.ps.netease.com/file/601676285e60277bf34b8954hkOkx8vV03']",2021-01-31 09:19:37
我曾以为你会是我的，现在，我不再痴心妄想了,,游戏截图,鸠,"['https://kol-fans.fp.ps.netease.com/file/601666cc8b742732774f9c22DOOU6MuM03', 'https://kol-fans.fp.ps.netease.com/file/601666cc5e6027697a1ccf18RviKeLGt03', 'https://kol-fans.fp.ps.netease.com/file/601666cc5e602790455ba759oCBO0R6f03', 'https://kol-fans.fp.ps.netease.com/file/601666cc2786fd1815059c735og5pNiC03']",2021-01-31 08:14:05
无题,,游戏截图,a****purple,['https://kol-fans.fp.ps.netease.com/file/60163b8b96dee41c8b92d0ccAC93qZ7503'],2021-01-31 05:09:32
好久没画了，这阵子没怎么上线。今天孩子有伞了 颜色改天再搞吧~先就酱紫,,同人绘,音音-作品可转载，禁止商用,['https://kol-fans.fp.ps.netease.com/file/60157518a7f2523c36eff91fgi9MXQIT03'],2021-01-30 15:02:48
被情所伤的朋友,,游戏截图,小洛,"['https://kol-fans.fp.ps.netease.com/file/60153d43143cfa013a5ac59eAZPK3m5T03', 'https://kol-fans.fp.ps.netease.com/file/60153d44a7f2527546217e73QhAJDUSl03', 'https://kol-fans.fp.ps.netease.com/file/60153d4596dee42bb00beb7825DtEF0x03']",2021-01-30 11:04:38
偷拍的👀👀和崽子的日常,,游戏截图,银月,['https://kol-fans.fp.ps.netease.com/file/60153b88a7f25270d66262a2wfzHlaKQ03'],2021-01-30 10:57:13
迷失海底,,游戏截图,阿四,"['https://kol-fans.fp.ps.netease.com/file/60152694a7f25272535e6fb6c4ShGfyx03', 'https://kol-fans.fp.ps.netease.com/file/601526956f04940c37c8ca7cDzLiP1AH03']",2021-01-30 09:27:49
通往天堂的路？,,游戏截图,小洛,"['https://kol-fans.fp.ps.netease.com/file/601524caa7f252661d87b4e2dJTez1eL03', 'https://kol-fans.fp.ps.netease.com/file/601524cb8b74276561e243a53vM7NHaz03', 'https://kol-fans.fp.ps.netease.com/file/601524cb5e60276c021d52933k7LiKW003']",2021-01-30 09:20:11
光遇,,游戏截图,18301****59569625,"['https://kol-fans.fp.ps.netease.com/file/6014a0317f9d2a4a709c93a1vJBjXPZl03', 'https://kol-fans.fp.ps.netease.com/file/6014a0316f049421d7412414OsTyipaF03', 'https://kol-fans.fp.ps.netease.com/file/6014a0317f9d2a34c39f3822xpKhBb4r03', 'https://kol-fans.fp.ps.netease.com/file/6014a0318b74270d6e333152zys6ojM403']",2021-01-29 23:54:26
可出而不可及,,游戏截图,某只皮皮虾,"['https://kol-fans.fp.ps.netease.com/file/6014587696dee4440750a7a93I0RIs8003', 'https://kol-fans.fp.ps.netease.com/file/6014587796dee4440750a7ablr9UhNhE03', 'https://kol-fans.fp.ps.netease.com/file/601458778b7427165dba4fdfqiEUgTJx03', 'https://kol-fans.fp.ps.netease.com/file/6014587796dee433f9fb669euGZe6Pda03']",2021-01-29 18:48:24
朝思暮想，满眼皆是你,,游戏截图,某只皮皮虾,"['https://kol-fans.fp.ps.netease.com/file/601457675e60271f8c5c7379jvhsAmsx03', 'https://kol-fans.fp.ps.netease.com/file/601457686f04944472879205hMvaWvts03', 'https://kol-fans.fp.ps.netease.com/file/6014576896dee411f8470367oaDIRalQ03']",2021-01-29 18:43:52
和他遇见的第六十八天,,游戏截图,16683****79,"['https://kol-fans.fp.ps.netease.com/file/6014470396dee44d05c5a152psJvpaw103', 'https://kol-fans.fp.ps.netease.com/file/601447047f9d2a78f0f78432PsUMkeqI03', 'https://kol-fans.fp.ps.netease.com/file/601447042786fd5530fb95f2BNf9bSKS03']",2021-01-29 17:33:57
自拍这种东西三分天注定，七分靠滤镜,,游戏截图,z****31077,"['https://kol-fans.fp.ps.netease.com/file/60143396143cfa6d6801dd6008XUmKXa03', 'https://kol-fans.fp.ps.netease.com/file/601433968b74277cbfbd80d8UlaKpq9103', 'https://kol-fans.fp.ps.netease.com/file/60143397143cfa56521cd31cALFPMolD03', 'https://kol-fans.fp.ps.netease.com/file/60143397a7f2521df3a2a6a1KBz7E0Og03']",2021-01-29 16:11:05
﻿对于千鸟总有特别的喜欢,,游戏截图,18113****15,"['https://kol-fans.fp.ps.netease.com/file/6013f585a7f25266f6611c4bOY2VPjrD03', 'https://kol-fans.fp.ps.netease.com/file/6013f58696dee487d8682e85AYTMLiV403', 'https://kol-fans.fp.ps.netease.com/file/6013f586a7f2522b49b8d8d7lvzOPU9h03']",2021-01-29 11:46:15
经典打卡。,,游戏截图,15142****88,"['https://kol-fans.fp.ps.netease.com/file/6013cc6b5e60272d48e5de17VJ5aq7t903', 'https://kol-fans.fp.ps.netease.com/file/6013cc6b96dee4109d18fb2biYiXXXog03', 'https://kol-fans.fp.ps.netease.com/file/6013cc6b7f9d2a57d4b9ea40VVvpaWWx03', 'https://kol-fans.fp.ps.netease.com/file/6013cc6b143cfa4423cfa1c7DXb2ceVY03']",2021-01-29 08:50:52
，，，,,游戏截图,17862****13,"['https://kol-fans.fp.ps.netease.com/file/6012a3997f9d2a68311310c5ZR2DNzqS03', 'https://kol-fans.fp.ps.netease.com/file/6012a3996f04946521286127R2LCuw6z03', 'https://kol-fans.fp.ps.netease.com/file/6012a39a6f04942052bd422fLMP5A7x303']",2021-01-28 11:44:28
思绪如雨丝般缠绵 不经意地飘回那个雨夜 我们靠近灯柱感受着温暖 又在伞下聆听雨滴声声落,,同人绘,17373****03,['https://kol-fans.fp.ps.netease.com/file/60128b972786fd901dd7dbbb9XHGZip403'],2021-01-28 10:01:59
。。。。。,,同人绘,17373****03,"['https://kol-fans.fp.ps.netease.com/file/60128b3c143cfa9b90141f1diRNkdO7h03', 'https://kol-fans.fp.ps.netease.com/file/60128b3d143cfa90b7bb148cldfwz3Mz03', 'https://kol-fans.fp.ps.netease.com/file/60128b3d143cfa77441cd80beLMccMsO03', 'https://kol-fans.fp.ps.netease.com/file/60128b3ea7f25267ffe6c3b30zoomXtx03']",2021-01-28 10:00:32
音乐,,游戏截图,逸,"['https://kol-fans.fp.ps.netease.com/file/60127f3196dee48bf1f655aarKNfBgVR03', 'https://kol-fans.fp.ps.netease.com/file/60127f315e6027355deea00cUSfWFlUI03']",2021-01-28 09:09:05
大型碰瓷现场,,游戏截图,零度,"['https://kol-fans.fp.ps.netease.com/file/601212b22786fd7baa85801esV9ofxDI03', 'https://kol-fans.fp.ps.netease.com/file/601212b27f9d2a2cba24b662xEpJhcci03']",2021-01-28 01:26:10
女子天团正式出道,,游戏截图,零度,['https://kol-fans.fp.ps.netease.com/file/6012129d5e60276cca665c52igYb59RN03'],2021-01-28 01:25:49
卡卡的自我修养,,游戏截图,零度,"['https://kol-fans.fp.ps.netease.com/file/601212812786fd54cd9ccb9bIvZM4X4E03', 'https://kol-fans.fp.ps.netease.com/file/601212812786fd4f5c6945ce64zMk8UT03']",2021-01-28 01:25:21
带崽日常,,游戏截图,零度,"['https://kol-fans.fp.ps.netease.com/file/6012126e8b742755522e56c8dZ6aKFMj03', 'https://kol-fans.fp.ps.netease.com/file/6012126e7f9d2a2dd3016202y2sySxSg03']",2021-01-28 01:25:02
大佬的雨伞 爱了,,游戏截图,零度,"['https://kol-fans.fp.ps.netease.com/file/601212597f9d2a03460d933e6DPVSStX03', 'https://kol-fans.fp.ps.netease.com/file/601212592786fd7c72d17494RwZrwbM303']",2021-01-28 01:24:41
打卡 爱心云,,游戏截图,零度,"['https://kol-fans.fp.ps.netease.com/file/6012123a7f9d2a03460d9323qglCFbNO03', 'https://kol-fans.fp.ps.netease.com/file/6012123a2786fd192fb3acd5fweBoAAk03']",2021-01-28 01:24:11
阿努比斯天团,,游戏截图,零度,"['https://kol-fans.fp.ps.netease.com/file/6012121b96dee46c170f3e90b9xKkJlx03', 'https://kol-fans.fp.ps.netease.com/file/6012121b96dee45b1178361363cVVueJ03', 'https://kol-fans.fp.ps.netease.com/file/6012121b96dee4494581b5c2iDgo1W9303', 'https://kol-fans.fp.ps.netease.com/file/6012121ba7f2520bed01c7a1D5ml6ijI03']",2021-01-28 01:23:39
8个小矮人 我也不知道哪个是我了,,游戏截图,零度,['https://kol-fans.fp.ps.netease.com/file/601211f06f04940ca8534d1cSAJZH94703'],2021-01-28 01:22:57
懂的都懂，光遇人传人现象😂 ,,无标签,17722****55,"['https://kol-fans.fp.ps.netease.com/file/6011ff0f5e6027172ca6e59bi2UrPLzd03', 'https://kol-fans.fp.ps.netease.com/file/6011ff102786fd4d92ac9659v6ieF1qJ03', 'https://kol-fans.fp.ps.netease.com/file/6011ff1196dee4869cdaf9057iTamZCP03']",2021-01-28 00:02:25
光遇日常景点打卡,,游戏截图,18383****91,"['https://kol-fans.fp.ps.netease.com/file/601198028b74274cb4deb399Tg0vKWlj03', 'https://kol-fans.fp.ps.netease.com/file/601198077f9d2a3b626d2171fpwGkfui03', 'https://kol-fans.fp.ps.netease.com/file/601198088b7427347ce2f2cfkRp5WBXb03', 'https://kol-fans.fp.ps.netease.com/file/6011980a96dee430264d6b08gAMzK1e203']",2021-01-27 16:42:59
菇菇好好康,,游戏截图,18020****72,['https://kol-fans.fp.ps.netease.com/file/6011690596dee403b82d49f8B8G8jvLD03'],2021-01-27 13:22:13
希望能一直陪在你身边,,游戏截图,江柠一夏,"['https://kol-fans.fp.ps.netease.com/file/60110da88b74271605fd057biZo2CzWU03', 'https://kol-fans.fp.ps.netease.com/file/60110da96f049430ef3c5dbaUSiQmMlb03', 'https://kol-fans.fp.ps.netease.com/file/60110daa96dee44254f74dbbwsEhIxvd03']",2021-01-27 06:52:27
这是我哇咔咔的天下,,游戏截图,哇咔咔,"['https://kol-fans.fp.ps.netease.com/file/6010f5e796dee47dc2fa3e6boQhVfmBi03', 'https://kol-fans.fp.ps.netease.com/file/6010f5e87f9d2a015468a163g28CwBhv03']",2021-01-27 05:11:04
对影成三人～,,游戏截图,g****780366,['https://kol-fans.fp.ps.netease.com/file/600f88e796dee46b2e961143Xw8CeEGd03'],2021-01-26 03:13:43
天降光之崽子,,游戏截图,南栀,['https://kol-fans.fp.ps.netease.com/file/600f05c66f04942790b8b601mHs4J2Wh03'],2021-01-25 17:54:15
暖jiojio~,,游戏截图,狐狸儿~,['https://kol-fans.fp.ps.netease.com/file/600e28de5e60275165cf8540jO1koYLj03'],2021-01-25 02:11:42
带你来光遇，你却让别人带你跑图！,,游戏截图,狐狸儿~,['https://kol-fans.fp.ps.netease.com/file/600e24ff96dee44cbb5194209yDBDFaW03'],2021-01-25 01:55:11
看着我的老宝贝睡觉,,游戏截图,狐狸儿~,['https://kol-fans.fp.ps.netease.com/file/600e23c56f04946f0e29cbbf0lxir4qs03'],2021-01-25 01:49:57
狼牙山五壮士,,游戏截图,宸,"['https://kol-fans.fp.ps.netease.com/file/600dde61a7f2526335fc1c8bBgy5DkBW03', 'https://kol-fans.fp.ps.netease.com/file/600dde61143cfa556a7fd109BBYCl5My03']",2021-01-24 20:53:54
浮生若梦,,游戏截图,宸,"['https://kol-fans.fp.ps.netease.com/file/600dde3b6f049462d258a362iVNDBsdZ03', 'https://kol-fans.fp.ps.netease.com/file/600dde3c96dee4836bb1799b1NV3KmJp03']",2021-01-24 20:53:17
风过阵阵，雨雾蒙蒙 丝丝缕缕，欲窥过往,,游戏截图,宸,"['https://kol-fans.fp.ps.netease.com/file/600ddded8b742734de46d771HIB0izSi03', 'https://kol-fans.fp.ps.netease.com/file/600dddef8b742758d55ab471BEoXsmx503', 'https://kol-fans.fp.ps.netease.com/file/600dddf16f049462d258a306ycdIJRlx03', 'https://kol-fans.fp.ps.netease.com/file/600dddf37f9d2a6147ffefd5j5X2MFje03']",2021-01-24 20:52:04
鸟之谷,,游戏截图,宸,"['https://kol-fans.fp.ps.netease.com/file/600ddd9a96dee41f5dcc6ba2MADmUDxS03', 'https://kol-fans.fp.ps.netease.com/file/600ddd9b143cfa7454aa369bTju8mjWp03', 'https://kol-fans.fp.ps.netease.com/file/600ddd9d5e6027544d3bac2foaz6Fget03', 'https://kol-fans.fp.ps.netease.com/file/600ddd9e5e60279a3af2d2568A9Q3RyJ03']",2021-01-24 20:50:38
换上萌新套装陪你一起看这锦绣山河,,游戏截图,阿阮,['https://kol-fans.fp.ps.netease.com/file/600d9fc1143cfa4d7ca6db84rEDvWIr103'],2021-01-24 16:26:41
寻.遇,,同人绘,雨笛rainflute,"['https://kol-fans.fp.ps.netease.com/file/600d7e882786fd9dec2333f17UCUbkpt03', 'https://kol-fans.fp.ps.netease.com/file/600d7e882786fd97bde1ae4fJHNS1QTk03', 'https://kol-fans.fp.ps.netease.com/file/600d7e88143cfa586e84d196L0zT7vpY03', 'https://kol-fans.fp.ps.netease.com/file/600d7e88a7f2521eb64040fdEdj9BKHq03']",2021-01-24 14:04:57
斗篷打湿了，烤烤🌚,,游戏截图,郗子,"['https://kol-fans.fp.ps.netease.com/file/600d6480143cfa6e1e47796eBvm2xbXa03', 'https://kol-fans.fp.ps.netease.com/file/600d6481a7f25276b7922e0axyeHidLk03']",2021-01-24 12:13:53
千鸟城夜晚,,好看,15890****71,"['https://kol-fans.fp.ps.netease.com/file/600d11b3a7f2523b8d6298eeTxBqIvd803', 'https://kol-fans.fp.ps.netease.com/file/600d11b35e60277efac2cd82izg6ofNl03']",2021-01-24 06:20:36
自闭,,游戏截图,光,['https://kol-fans.fp.ps.netease.com/file/600d037c8b74276f6796cc7cqP4325Gq03'],2021-01-24 05:19:57
啊，雨妈超棒！！,,同人绘,柠檬www,['https://kol-fans.fp.ps.netease.com/file/600d00286f049446beaadcdc1fzrfCVq03'],2021-01-24 05:05:46
小～无～翼～,,游戏截图,15387****66632514,"['https://kol-fans.fp.ps.netease.com/file/600cda6d7f9d2a1aaa12d426Guz1P0oW03', 'https://kol-fans.fp.ps.netease.com/file/600cda707f9d2a1f27ee9611FlfZ7Xo903']",2021-01-24 02:24:51
打卡,,游戏截图,茶萘,"['https://kol-fans.fp.ps.netease.com/file/600c20e3143cfa9e509ac60e09Ve3jUy03', 'https://kol-fans.fp.ps.netease.com/file/600c20e396dee40ac7180fcaaTHKqNyW03', 'https://kol-fans.fp.ps.netease.com/file/600c20e36f04944743ac9607k9zKqgLF03', 'https://kol-fans.fp.ps.netease.com/file/600c20e45e602745927f6d92scE8zW4i03']",2021-01-23 13:13:08
追     悼     会,,游戏截图,凛気,['https://kol-fans.fp.ps.netease.com/file/600c1c568b74272a333a7f02X5NyRBBp03'],2021-01-23 12:53:43
好喜欢平菇头啊,,同人绘,15272****21461131,['https://kol-fans.fp.ps.netease.com/file/600c173ba7f2527f4058a5dcJSKVhlpR03'],2021-01-23 12:31:56
2021年了不打算抱只帅气的狮子回家嘛,,游戏截图,鑫,"['https://kol-fans.fp.ps.netease.com/file/600bc322143cfa0cdc0a2b4eHuhwG2Zd03', 'https://kol-fans.fp.ps.netease.com/file/600bc322a7f2526fb9b223edF5uITqVT03', 'https://kol-fans.fp.ps.netease.com/file/600bc3238b7427686c34e785jA4yo7pE03', 'https://kol-fans.fp.ps.netease.com/file/600bc3232786fd7fabfdc64cHU3eeC4703']",2021-01-23 06:33:08
献给寒假跑暴风眼的你,,游戏截图,爨.,['https://kol-fans.fp.ps.netease.com/file/600ba993a7f2525b6ab81604SFlW5M7003'],2021-01-23 04:44:04
蓝色蝴蝶！萌新激动,,游戏截图,13316****76,['https://kol-fans.fp.ps.netease.com/file/600813f55e60273bd00c9b8fkzHtHMYR03'],2021-01-20 11:28:53
。。。。,,同人绘,17373****03,"['https://kol-fans.fp.ps.netease.com/file/6008024c6f0494777f4f44cffmu5wBcb03', 'https://kol-fans.fp.ps.netease.com/file/6008024e8b742716637db8f9CCTiRe0Z03', 'https://kol-fans.fp.ps.netease.com/file/6008024f143cfa75291c5917oezVRzcU03', 'https://kol-fans.fp.ps.netease.com/file/60080250143cfa5bf38ea1e7w2OTyJlq03']",2021-01-20 10:13:38
你好呀🖤🖤,,手作,s****a642r,"['https://kol-fans.fp.ps.netease.com/file/6007a5bea7f2521b72b77ac5aw8D2GoG03', 'https://kol-fans.fp.ps.netease.com/file/6007a5bf6f0494280ff2b5d5BR63z5pp03']",2021-01-20 03:38:40
棉花球,,游戏截图,15545****67,['https://kol-fans.fp.ps.netease.com/file/6007a17d7f9d2a46f26550aaVQ5mNcvj03'],2021-01-20 03:20:30
因为是你,,游戏截图,z****07302001,"['https://kol-fans.fp.ps.netease.com/file/60079e796f04946395a24d4eoSzUHGQh03', 'https://kol-fans.fp.ps.netease.com/file/60079e7a6f0494334f6abc29qYslSDBv03', 'https://kol-fans.fp.ps.netease.com/file/60079e7a96dee40a0c83437afhBUmu8a03', 'https://kol-fans.fp.ps.netease.com/file/60079e7a5e602725bd1b5b99SMlt0Z0L03']",2021-01-20 03:07:40
星星雨,,同人绘,17373****03,"['https://kol-fans.fp.ps.netease.com/file/6006e02b5e60271638e38947Sg7EH0Gv03', 'https://kol-fans.fp.ps.netease.com/file/6006e02d7f9d2a0220e23334RuNMPMGj03', 'https://kol-fans.fp.ps.netease.com/file/6006e0306f049462557cd1f2sh5dqjBI03', 'https://kol-fans.fp.ps.netease.com/file/6006e0326f0494371c1e15d4viiNuugW03']",2021-01-19 13:35:57
快看，闪闪发光诶☺️ ,,游戏截图,13518****66,['https://kol-fans.fp.ps.netease.com/file/6006cd226f049401a8c88e62JBdh5WUq03'],2021-01-19 12:14:27
平平无奇,,游戏截图,康康,['https://kol-fans.fp.ps.netease.com/file/60066b0296dee460acb2e53fcylrYRS403'],2021-01-19 05:15:46
有趣的灵魂 终将串没  2021.1.19凌晨12点半--1点 遇境的狗头花椰菜,,游戏截图,18186****04,['https://kol-fans.fp.ps.netease.com/file/600648185e6027425826260aGOafk1Vu03'],2021-01-19 02:46:49
我们要一起做更多的壁纸,,游戏截图,不怎么甜,"['https://kol-fans.fp.ps.netease.com/file/600635ff143cfa763016e326TUJ0z2KJ03', 'https://kol-fans.fp.ps.netease.com/file/600636006f049456902f1f7d2o1uFUoO03']",2021-01-19 01:29:37
一个人的光遇，一个人的风景，哪有那么多的陪伴，能陪伴自己的，除了自己还有谁,,游戏截图,c****qianye,"['https://kol-fans.fp.ps.netease.com/file/6004a92f6f04944de8770a8fitqrVosG03', 'https://kol-fans.fp.ps.netease.com/file/6004a92f2786fd640bc1fd9bCj0HoFb303', 'https://kol-fans.fp.ps.netease.com/file/6004a92f96dee441ccdd827bRbp32yX703', 'https://kol-fans.fp.ps.netease.com/file/6004a9305e60274d82ce3c54xhYaq11y03']",2021-01-17 21:16:33
一个人的光遇，然后被喂了狗粮，气的原地爆炸,,游戏截图,c****qianye,"['https://kol-fans.fp.ps.netease.com/file/6004a63696dee4253de5bdf1ISY7rG7503', 'https://kol-fans.fp.ps.netease.com/file/6004a637a7f25254c533dec96FpRrPcb03', 'https://kol-fans.fp.ps.netease.com/file/6004a6402786fd726a8d0a7cMfTF9vws03', 'https://kol-fans.fp.ps.netease.com/file/6004a6406f049436ddd6a4cc5GrtW8yF03']",2021-01-17 21:04:02
光遇的风景美极了。,,游戏截图,19951****31,"['https://kol-fans.fp.ps.netease.com/file/6003e2555e60278e440dc22fYIYKYRIv03', 'https://kol-fans.fp.ps.netease.com/file/6003e255a7f2527c53e187e9NaD9Kxp103', 'https://kol-fans.fp.ps.netease.com/file/6003e2558b74271b08f5bf05txmgaPgv03', 'https://kol-fans.fp.ps.netease.com/file/6003e2555e6027175bb87e140sy1A38P03']",2021-01-17 07:08:06
快乐的跑图一天,,叽叽喳喳的小王八,18177****57,['https://kol-fans.fp.ps.netease.com/file/6000e67b143cfa043671f564RcTt5CbF03'],2021-01-15 00:48:59
国际服的过去,,萱,15581****71,['https://kol-fans.fp.ps.netease.com/file/60004ef67f9d2a3f30937101t3r8EPyI03'],2021-01-14 14:02:30
牙希来了,小泉泉，牙希永远喜欢你啊，你不要离开我好不好,同人绘,19803****18,[],2021-01-14 10:20:56
点蜡观彼岸,,游戏截图,15511****48,"['https://kol-fans.fp.ps.netease.com/file/5fffb6555e6027938cfe41c78cky58by03', 'https://kol-fans.fp.ps.netease.com/file/5fffb6567f9d2a6629c947e1Uk6slWsH03']",2021-01-14 03:11:18
当初的她还会为我而舞吗,,游戏截图,小谢,"['https://kol-fans.fp.ps.netease.com/file/5ffeb92c2786fd57a7dff3c5Q7vT11Kg03', 'https://kol-fans.fp.ps.netease.com/file/5ffeb92c2786fd61454ea32bFS3LzFNX03']",2021-01-13 09:11:08
因光而遇,,游戏截图,15933****82,"['https://kol-fans.fp.ps.netease.com/file/5ffe88076f04943fafbd827czl4aQtlU03', 'https://kol-fans.fp.ps.netease.com/file/5ffe88072786fd4137357813IW3yPCem03']",2021-01-13 05:41:28
飞过彩虹,,游戏截图,18588****34,"['https://kol-fans.fp.ps.netease.com/file/5ffe5b608b74276c48bf0864NURNsycJ03', 'https://kol-fans.fp.ps.netease.com/file/5ffe5b605e60273f0169e518UJ9XbCpQ03']",2021-01-13 02:30:56
﻿七翼啦,,游戏截图,橘猫,"['https://kol-fans.fp.ps.netease.com/file/5ffdc371143cfa8bcc141e30RMasjvWR03', 'https://kol-fans.fp.ps.netease.com/file/5ffdc37196dee403e6b51162N6YXpMYG03', 'https://kol-fans.fp.ps.netease.com/file/5ffdc3717f9d2a2be088b841fJvC01IJ03', 'https://kol-fans.fp.ps.netease.com/file/5ffdc371a7f2525ad6886c7c1l2mxeih03']",2021-01-12 15:42:42
光遇的风景很好看.我想和你一起看.,,游戏截图,m****20080622,"['https://kol-fans.fp.ps.netease.com/file/5ffd250ea7f2527ded9e6fb5c3UcGXvM03', 'https://kol-fans.fp.ps.netease.com/file/5ffd25106f049464ec5b90eepouhgaRB03', 'https://kol-fans.fp.ps.netease.com/file/5ffd2512143cfa76dd3879d8u9JTaYZm03', 'https://kol-fans.fp.ps.netease.com/file/5ffd25138b742775834620c8dlW9W1hw03']",2021-01-12 04:27:01
小金人,,游戏截图,15893****36,['https://kol-fans.fp.ps.netease.com/file/5ffc90ac8b74273e96d24ab6J0dYZRYO02'],2021-01-11 17:53:48
我和我妹的合照w,,同人绘,槲,['https://kol-fans.fp.ps.netease.com/file/5ffbfce802c9a17f6fbdb44bD935hiwQ02'],2021-01-11 07:23:20
哇 十一翼唉,,游戏截图,18362****69,['https://kol-fans.fp.ps.netease.com/file/5ffb0a2569b21a18743f642dgQsNxJsW02'],2021-01-10 14:07:34
雨林红斗三小只，耶～,,游戏截图,阿妖,['https://kol-fans.fp.ps.netease.com/file/5ffae30b143cfa6eb4cc4b8batQ2La5x02'],2021-01-10 11:20:43
今天是我来到光遇两月整，第一次十翼www好激动,,游戏截图,NIGHT.夜.,['https://kol-fans.fp.ps.netease.com/file/5ffaaab17f9d2a045730267as9QIVyRZ02'],2021-01-10 07:20:17
cp,,游戏截图,l****001108,['https://kol-fans.fp.ps.netease.com/file/5ffaa5c596dee401fa37ec6cLBUoUWSz02'],2021-01-10 07:00:10
真不戳,,卡卡,13333****73,"['https://kol-fans.fp.ps.netease.com/file/5ffa61c496dee46c412992eaEzL12AED02', 'https://kol-fans.fp.ps.netease.com/file/5ffa61c5a7f2526ce17f67f02Q1of58Y02', 'https://kol-fans.fp.ps.netease.com/file/5ffa61c56f049434bff02539mBaqTLa302']",2021-01-10 02:09:09
真不错,,游戏截图,19163****13,['https://kol-fans.fp.ps.netease.com/file/5ff8a67c7f9d2a6dafc8073acgh5X72S02'],2021-01-08 18:37:48
重新再来,,游戏截图,15021****65,"['https://kol-fans.fp.ps.netease.com/file/5ff87cdb5e60275cb982f3cdEqH3H8RS02', 'https://kol-fans.fp.ps.netease.com/file/5ff87cdb69b21a50deb0623fyjtLf4MO02']",2021-01-08 15:40:11
光遇,,游戏截图,13867****71,"['https://kol-fans.fp.ps.netease.com/file/5ff824dea7f25273f5e51c64k1aokP1K02', 'https://kol-fans.fp.ps.netease.com/file/5ff824df96dee44bac65c211OouPQPjD02', 'https://kol-fans.fp.ps.netease.com/file/5ff824df143cfa3d1f77f99fEiOD3LzG02', 'https://kol-fans.fp.ps.netease.com/file/5ff824e0a7f25222ec3402edriUE5R3A02']",2021-01-08 09:24:50
一只雨妈,,Cosplay,萝梦,"['https://kol-fans.fp.ps.netease.com/file/5ff8121d5e60278440860616UIoC65TE02', 'https://kol-fans.fp.ps.netease.com/file/5ff8121d7f9d2a2ee11b966auN7txDLu02', 'https://kol-fans.fp.ps.netease.com/file/5ff8121d143cfa9f3f2fefcdst45ivom02', 'https://kol-fans.fp.ps.netease.com/file/5ff8121e02c9a131033799c03ifT9mqg02']",2021-01-08 08:04:46
高手过招,,游戏截图,星河之间再无你,['https://kol-fans.fp.ps.netease.com/file/5ff7aefc02c9a1338d583f5bqCKIMvwF02'],2021-01-08 01:01:49
和一只陌生的菇菇跨年,,游戏截图,j****9511mk,"['https://kol-fans.fp.ps.netease.com/file/5ff6965b7f9d2a4344e19f06l4kIecDe02', 'https://kol-fans.fp.ps.netease.com/file/5ff6965c7f9d2a57861d23884jxJXPzP02', 'https://kol-fans.fp.ps.netease.com/file/5ff6965e143cfa5145f8b346xEKoFOUi02', 'https://kol-fans.fp.ps.netease.com/file/5ff6965e143cfa5145f8b3477oV5gFSI02']",2021-01-07 05:04:37
和闺蜜一块儿去失色谷,,游戏截图,一只小撒币,['https://kol-fans.fp.ps.netease.com/file/5ff691765e6027215461d4e5PXN5824p02'],2021-01-07 04:43:34
记,,游戏截图,1****97307,"['https://kol-fans.fp.ps.netease.com/file/5ff6863c143cfa3cf484690fPRL8qSCq02', 'https://kol-fans.fp.ps.netease.com/file/5ff6863c96dee412788da8378XlZc8c602', 'https://kol-fans.fp.ps.netease.com/file/5ff6863c96dee49c23e4c4b4gPQYibg602']",2021-01-07 03:55:41
“在嘛？”“在。”“在吗？”.....“在吗？”........不在了,,游戏截图,1****97307,"['https://kol-fans.fp.ps.netease.com/file/5ff68529143cfa8a7407a33d8LsoF0e502', 'https://kol-fans.fp.ps.netease.com/file/5ff68529143cfa2d4b386ed7HCRcR87O02', 'https://kol-fans.fp.ps.netease.com/file/5ff6852902c9a133c1e78b521PpRiJvS02', 'https://kol-fans.fp.ps.netease.com/file/5ff68529143cfa8a7407a33elW1CijoH02']",2021-01-07 03:51:06
一只菇的旅途,,游戏截图,1****97307,"['https://kol-fans.fp.ps.netease.com/file/5ff6817969b21a0873fa05cajKNkiPZG02', 'https://kol-fans.fp.ps.netease.com/file/5ff681795e60270e3220bfa6JEaQ127i02', 'https://kol-fans.fp.ps.netease.com/file/5ff681795e60275f1c6d8d03ktGSolxN02', 'https://kol-fans.fp.ps.netease.com/file/5ff681796f0494426c177424MJjXVoZy02']",2021-01-07 03:35:22
什么事情还是刚刚开始的时候比较美好,,游戏截图,15270****18,"['https://kol-fans.fp.ps.netease.com/file/5ff50c8d7f9d2a71601904b7tDRkQmpT02', 'https://kol-fans.fp.ps.netease.com/file/5ff50c8e5e602770d7830d01B78EsiHi02']",2021-01-06 01:04:14
和固玩的日常,,游戏截图,是悠悠球,"['https://kol-fans.fp.ps.netease.com/file/5ff5054596dee43698069395NyuByD0E02', 'https://kol-fans.fp.ps.netease.com/file/5ff5054502c9a199abf39ea7jCri30Po02', 'https://kol-fans.fp.ps.netease.com/file/5ff505456f049459bf32d44dbcrX8D8m02']",2021-01-06 00:33:10
因为你我从来没有羡慕过其他👧,,游戏截图,13539****49,['https://kol-fans.fp.ps.netease.com/file/5ff4ffca5e6027753adb3262PjdBeMGq02'],2021-01-06 00:09:47
冬寒春自暖,,游戏截图,幻梦星河,['https://kol-fans.fp.ps.netease.com/file/5ff4ff455e6027099e496d42Xr0K07AA02'],2021-01-06 00:07:34
被帅哥围绕着的呆瓜,,游戏截图,蛋蛋超不乖,['https://kol-fans.fp.ps.netease.com/file/5ff4d8e5a7f2526e009a96feCMFSDBoO02'],2021-01-05 21:23:49
很高兴遇见你们,,游戏截图,蛋蛋超不乖,"['https://kol-fans.fp.ps.netease.com/file/5ff4d7c996dee40c1f1f1242JP4aKfDm02', 'https://kol-fans.fp.ps.netease.com/file/5ff4d7caa7f25272013a2163aBE1UBsA02', 'https://kol-fans.fp.ps.netease.com/file/5ff4d7ca5e60272eeed75a1025bl4uIg02', 'https://kol-fans.fp.ps.netease.com/file/5ff4d7cb69b21a6425c3af42jAaYHCmc02']",2021-01-05 21:19:08
世界不会因为你乱发脾气就会变得美好,,同人绘,18577****01,"['https://kol-fans.fp.ps.netease.com/file/5ff4b2f15e6027202ebda3a4XZe04Zkh02', 'https://kol-fans.fp.ps.netease.com/file/5ff4b2f296dee496d520b63frZtdi0sN02']",2021-01-05 18:41:54
斗笠鸭与小鸟🐦,,壁纸,t****uoqing1,['https://kol-fans.fp.ps.netease.com/file/5ff4accca7f25246436c5c28zsClBafU02'],2021-01-05 18:15:41
遇见,,游戏截图,t****uoqing1,"['https://kol-fans.fp.ps.netease.com/file/5ff4ac6402c9a134ac46948f4MKxiLoO02', 'https://kol-fans.fp.ps.netease.com/file/5ff4ac667f9d2a2cbd92dc9eSAvcMdwa02', 'https://kol-fans.fp.ps.netease.com/file/5ff4ac67143cfa6cd8723499DeEdCDUd02', 'https://kol-fans.fp.ps.netease.com/file/5ff4ac676f049433b5b5c718rvI5381702']",2021-01-05 18:14:00
认识他就像一个故事，不会完结的故事,,游戏截图,NNNA,"['https://kol-fans.fp.ps.netease.com/file/5ff4a19c6f049443eacce0a0riBmBzmg02', 'https://kol-fans.fp.ps.netease.com/file/5ff4a19d7f9d2a57b728cc8aOH5SVF3H02', 'https://kol-fans.fp.ps.netease.com/file/5ff4a19d7f9d2a67cd8e15caQqAOl56E02', 'https://kol-fans.fp.ps.netease.com/file/5ff4a19d143cfa2875bf2f7fZbNTZ7XL02']",2021-01-05 17:27:59
嗯，大家都被迫合照🌚,,游戏截图,18937****19895853,"['https://kol-fans.fp.ps.netease.com/file/5ff47cc969b21a8b0b720df1DgCAo2zd02', 'https://kol-fans.fp.ps.netease.com/file/5ff47cc96f04942b4de07362fNCpDbzB02', 'https://kol-fans.fp.ps.netease.com/file/5ff47cc969b21a883596ec5bC3Oxaui002', 'https://kol-fans.fp.ps.netease.com/file/5ff47cca7f9d2a45402bd03egX7sh2l102']",2021-01-05 14:50:50
是不是很帅，是的，很帅,,游戏截图,w****349839,"['https://kol-fans.fp.ps.netease.com/file/5ff460b802c9a11c945c40acWcFtGSPL02', 'https://kol-fans.fp.ps.netease.com/file/5ff460b86f049454cca43a1aQoHOzd5l02', 'https://kol-fans.fp.ps.netease.com/file/5ff460b86f04945a7f3e4562Cjz8AO5Q02']",2021-01-05 12:51:05
相遇,,游戏截图,18204****61,['https://kol-fans.fp.ps.netease.com/file/5ff3f41069b21a80781e5dc40HUcoNkf02'],2021-01-05 05:07:29
很不错的呢,,视频,零度,['https://kol-fans.fp.ps.netease.com/file/5ff3bb3b143cfa4c66563f7eEhQl0ypF02'],2021-01-05 01:04:59
崽崽弹得就很棒！！！鼓掌~~~~,,视频,零度,['https://kol-fans.fp.ps.netease.com/file/5ff3bb1f5e602730cbc830eeePUVtvSi02'],2021-01-05 01:04:32
一切都就此结束了···,,游戏截图,零度,"['https://kol-fans.fp.ps.netease.com/file/5ff3bae0143cfa6eb46e7a1616O5UEgd02', 'https://kol-fans.fp.ps.netease.com/file/5ff3bae05e6027592d105e5fxWYcxezD02']",2021-01-05 01:03:28
来自崽崽的痴迷,,游戏截图,零度,['https://kol-fans.fp.ps.netease.com/file/5ff3ba977f9d2a300ac0df4fWASfX0D502'],2021-01-05 01:02:15
谁家的小驯鹿跑出来了,,游戏截图,零度,"['https://kol-fans.fp.ps.netease.com/file/5ff3ba7d69b21a131b9adf3fNEx7T9Xk02', 'https://kol-fans.fp.ps.netease.com/file/5ff3ba7d5e602764b2abae77f8Q6NqEH02']",2021-01-05 01:01:49
全家福哦,,游戏截图,零度,"['https://kol-fans.fp.ps.netease.com/file/5ff3ba5769b21a131b9adf1aYiiFriAM02', 'https://kol-fans.fp.ps.netease.com/file/5ff3ba586f0494786d8654afeLY1Zmbp02', 'https://kol-fans.fp.ps.netease.com/file/5ff3ba5802c9a14cc58483adRHl4oECr02', 'https://kol-fans.fp.ps.netease.com/file/5ff3ba585e602764b2abae58Lh6ic0Gk02']",2021-01-05 01:01:13
悄咪咪的偷看哦~,,游戏截图,零度,"['https://kol-fans.fp.ps.netease.com/file/5ff3ba265e60276d7305b081oapoqdDC02', 'https://kol-fans.fp.ps.netease.com/file/5ff3ba265e60270639b8ee1eqxQN1ZLx02', 'https://kol-fans.fp.ps.netease.com/file/5ff3ba266f04945c8799e790PaMYQQc402']",2021-01-05 01:00:22
菇与骨,,游戏截图,零度,['https://kol-fans.fp.ps.netease.com/file/5ff3ba047f9d2a38d0e1c926NtiP5TbA02'],2021-01-05 00:59:48
看猴子！！1,,游戏截图,零度,['https://kol-fans.fp.ps.netease.com/file/5ff3b9e596dee4294b33ee0aQKoAwhhW02'],2021-01-05 00:59:18
嗯？兄弟你从何而来？,,游戏截图,零度,"['https://kol-fans.fp.ps.netease.com/file/5ff3b9c5143cfa257fcaf9e98quYwhE902', 'https://kol-fans.fp.ps.netease.com/file/5ff3b9c502c9a10af8938418tOiuCdeF02']",2021-01-05 00:58:46
朋友走着走着就黑了,,游戏截图,零度,['https://kol-fans.fp.ps.netease.com/file/5ff3b9a569b21a979f977fe4Kq3zyM6S02'],2021-01-05 00:58:13
圣诞老人与他的孙子,,游戏截图,零度,"['https://kol-fans.fp.ps.netease.com/file/5ff3b9805e602764b2abad9fC5mtLNdr02', 'https://kol-fans.fp.ps.netease.com/file/5ff3b98069b21a677d2d6fbbtPrPS2uk02', 'https://kol-fans.fp.ps.netease.com/file/5ff3b98102c9a1620850ef88x5P1cIZ902']",2021-01-05 00:57:37
wifi信号,,游戏截图,零度,['https://kol-fans.fp.ps.netease.com/file/5ff3b9356f0494786d8653dcl72wRYMQ02'],2021-01-05 00:56:21
自古红蓝出CP,,游戏截图,小白枫,['https://kol-fans.fp.ps.netease.com/file/5ff328126f04946687c75d06Oi7mg5qr02'],2021-01-04 14:37:06
对光遇的夕阳情有独钟,,游戏截图,w****349839,"['https://kol-fans.fp.ps.netease.com/file/5ff2b22ba7f25214573a0e91iM3AAHg202', 'https://kol-fans.fp.ps.netease.com/file/5ff2b22b6f0494030fcbadddUDLrKdAA02', 'https://kol-fans.fp.ps.netease.com/file/5ff2b22b6f04946b8b1a2447Rw8gX7Nv02']",2021-01-04 06:14:04
昨天晚上9 40多分的时候 我再回去的时候就找不到他了 ,,找人,15271****54,['https://kol-fans.fp.ps.netease.com/file/5ff26518143cfa6c76aeed8eeLfZE29J02'],2021-01-04 00:45:13
不散,,游戏截图,15932****17,['https://kol-fans.fp.ps.netease.com/file/5ff2625e69b21a39f7cfbe19hYfSILHp02'],2021-01-04 00:33:35
掉翼日常,,游戏截图,h****zr,"['https://kol-fans.fp.ps.netease.com/file/5ff1ea12143cfa2ea6542151Fq7OLiZs02', 'https://kol-fans.fp.ps.netease.com/file/5ff1ea126f049436c538ea4aJgmiTT6q02', 'https://kol-fans.fp.ps.netease.com/file/5ff1ea1269b21a52b1fa22005joiWWEf02']",2021-01-03 16:00:19
(  ･᷄ὢ･᷅),,游戏截图,18921****62,['https://kol-fans.fp.ps.netease.com/file/5ff1d250143cfa07badaff28eABd5Klj02'],2021-01-03 14:18:57
耶,,游戏截图,18127****62,['https://kol-fans.fp.ps.netease.com/file/5ff18e937f9d2a7eb1bb2ba4BjXatUND02'],2021-01-03 09:29:56
和妈咪的亲亲！,,游戏截图,19974****30,['https://kol-fans.fp.ps.netease.com/file/5ff08b2296dee4574d00bdcfGQgr86L002'],2021-01-02 15:02:59
元旦快乐*^_^*,,游戏截图,17381****43,['https://kol-fans.fp.ps.netease.com/file/5fefbf63a7f252314f231f95J1lT6Nq902'],2021-01-02 00:33:40
新年快乐🎆,,游戏截图,15264****12,['https://kol-fans.fp.ps.netease.com/file/5fef509b02c9a15bd12f1bf0xffeKH9d02'],2021-01-01 16:40:59
双份可爱,,游戏截图,www逸,"['https://kol-fans.fp.ps.netease.com/file/5fef33a469b21a0508f91200OpfqwSuP02', 'https://kol-fans.fp.ps.netease.com/file/5fef33a502c9a13cf814bd88UA3YZvpG02']",2021-01-01 14:37:26
光的救赎,,游戏截图,18838****25,"['https://kol-fans.fp.ps.netease.com/file/5fef14b069b21a7d6686e462TsOMR7bK02', 'https://kol-fans.fp.ps.netease.com/file/5fef14b1a7f2522011bede28ijhscSoj02', 'https://kol-fans.fp.ps.netease.com/file/5fef14b15e60276d6c0efc39f3ZZQiNZ02', 'https://kol-fans.fp.ps.netease.com/file/5fef14b1143cfa13ff2dafb6Sw86HsLY02']",2021-01-01 12:25:25
小屋子里有什么呢,,游戏截图,郗子,['https://kol-fans.fp.ps.netease.com/file/5feefea896dee47dc017c0b6mxOZu8Yh02'],2021-01-01 10:51:21
新年快乐！,,游戏截图,郗子,['https://kol-fans.fp.ps.netease.com/file/5feefe7e96dee41ccc1345dabFUAbaFI02'],2021-01-01 10:50:39
霞谷风光,,游戏截图,m****9228431,['https://kol-fans.fp.ps.netease.com/file/5feee8055e602724035ad9b1FYxThwGG02'],2021-01-01 09:14:46
